[Ljava.lang.String;@9f6e406
[Ljava.lang.Object;@73d69c0f
[Ljava.lang.Object;@34237b90
[Ljava.lang.Object;@1d01dfa5
[Ljava.lang.Object;@4a31c2ee
[Ljava.lang.Object;@d400943
[Ljava.lang.Object;@22101c80
[Ljava.lang.Object;@31ff1390
[Ljava.lang.Object;@759d81f3
[Ljava.lang.Object;@781a9412
[Ljava.lang.Object;@5a4c638d
[Ljava.lang.Object;@13e698c7
[Ljava.lang.Object;@aed0151
[Ljava.lang.Object;@267bbe1a
[Ljava.lang.Object;@1f12e153
[Ljava.lang.Object;@389562d6
[Ljava.lang.Object;@5a101b1c
[Ljava.lang.Object;@2160e52a
[Ljava.lang.Object;@29f0802c
[Ljava.lang.Object;@3a60c416
[Ljava.lang.Object;@60f2e0bd
[Ljava.lang.Object;@469d003c
[Ljava.lang.Object;@6b410923
[Ljava.lang.Object;@57bd2029
[Ljava.lang.Object;@203dd56b
[Ljava.lang.Object;@e8fadb0
[Ljava.lang.Object;@6d64b553
[Ljava.lang.Object;@53667cbe
[Ljava.lang.Object;@1d3e6d34
[Ljava.lang.Object;@6eafb10e
[Ljava.lang.Object;@26a94fa5
[Ljava.lang.Object;@464a4442
[Ljava.lang.Object;@2873d672
[Ljava.lang.Object;@3bc735b3
[Ljava.lang.Object;@577f9109
[Ljava.lang.Object;@4303b7f0
[Ljava.lang.Object;@757529a4
[Ljava.lang.Object;@779de014
[Ljava.lang.Object;@5c41d037
[Ljava.lang.Object;@2234078
[Ljava.lang.Object;@5ec77191
[Ljava.lang.Object;@4642b71d
[Ljava.lang.Object;@1450078a
[Ljava.lang.Object;@c68a5f8
[Ljava.lang.Object;@69c6161d
[Ljava.lang.Object;@3aefae67
[Ljava.lang.Object;@2e1792e7
[Ljava.lang.Object;@6719a5b8
[Ljava.lang.Object;@3eb631b8
[Ljava.lang.Object;@796d3c9f
[Ljava.lang.Object;@6bff19ff
[Ljava.lang.Object;@41e1455d
[Ljava.lang.Object;@4e558728
[Ljava.lang.Object;@5eccd3b9
[Ljava.lang.Object;@4d6f197e
[Ljava.lang.Object;@6ef7623
[Ljava.lang.Object;@64e1dd11
[Ljava.lang.Object;@5c089b2f
[Ljava.lang.Object;@6999cd39
[Ljava.lang.Object;@14bae047
[Ljava.lang.Object;@7ed9ae94
[Ljava.lang.Object;@66908383
[Ljava.lang.Object;@41477a6d
[Ljava.lang.Object;@2bc12da
[Ljava.lang.Object;@3122b117
[Ljava.lang.Object;@534ca02b
[Ljava.lang.Object;@29a23c3d
[Ljava.lang.Object;@4b6ac111
[Ljava.lang.Object;@6fe46b62
[Ljava.lang.Object;@591fd34d
[Ljava.lang.Object;@61e45f87
[Ljava.lang.Object;@7c9b78e3
[Ljava.lang.Object;@3068b369
[Ljava.lang.Object;@17ca8b92
[Ljava.lang.Object;@5491f68b
[Ljava.lang.Object;@736ac09a
[Ljava.lang.Object;@6ecd665
[Ljava.lang.Object;@45394b31
[Ljava.lang.Object;@1ec7d8b3
[Ljava.lang.Object;@3b0ca5e1
[Ljava.lang.Object;@5bb3131b
[Ljava.lang.Object;@54dcbb9f
[Ljava.lang.Object;@74fef3f7
[Ljava.lang.Object;@2a037324
[Ljava.lang.Object;@69eb86b4
[Ljava.lang.Object;@585ac855
[Ljava.lang.Object;@5bb8f9e2
[Ljava.lang.Object;@6a933be2
[Ljava.lang.Object;@5f78de22
[Ljava.lang.Object;@516ebdf8
[Ljava.lang.Object;@4d8539de
[Ljava.lang.Object;@3eba57a7
[Ljava.lang.Object;@272a179c
[Ljava.lang.Object;@30feffc
[Ljava.lang.Object;@67207d8a
[Ljava.lang.Object;@bcb09a6
[Ljava.lang.Object;@7c2a69b4
[Ljava.lang.Object;@a619c2
[Ljava.lang.Object;@648ee871
[Ljava.lang.Object;@375b5b7f
[Ljava.lang.Object;@1813f3e9