1,Car,PedalEngine
2,Car,HandEngine
1,CatamaranWithWheels,HandEngine
2,CatamaranWithWheels,HandEngine
1,Catamaran,HandEngine
2,Catamaran,HandEngine
3,Catamaran,HandEngine
4,Catamaran,HandEngine
5,Catamaran,HandEngine
6,Catamaran,HandEngine
7,Catamaran,HandEngine
8,Catamaran,HandEngine
9,Catamaran,HandEngine
10,Catamaran,HandEngine
11,Catamaran,HandEngine
12,Catamaran,HandEngine
13,Catamaran,HandEngine
14,Catamaran,HandEngine
15,Catamaran,HandEngine
16,Catamaran,HandEngine
17,Catamaran,HandEngine
18,Catamaran,HandEngine
19,Catamaran,HandEngine
20,Catamaran,HandEngine
21,Catamaran,HandEngine
22,Catamaran,HandEngine
23,Catamaran,HandEngine
24,Catamaran,HandEngine
25,Catamaran,HandEngine
26,Catamaran,HandEngine
27,Catamaran,HandEngine
28,Catamaran,HandEngine
29,Catamaran,HandEngine
30,Catamaran,HandEngine
31,Catamaran,HandEngine
32,Catamaran,HandEngine
33,Catamaran,HandEngine
34,Catamaran,HandEngine
